Escolaridade,media_salario
Abaixo da faculdade,15208.1
Bacharelado,14082.80944055944
Doutor,14516.6875
Faculdade,14249.946808510638
Mestre,14281.989949748744
