Escolaridade,total_satisfacao,quantidade,mean_satisfacao
Abaixo da faculdade,467,170,2.7470588235294118
Bacharelado,1588,572,2.7762237762237763
Doutor,127,48,2.6458333333333335
Faculdade,766,282,2.7163120567375887
Mestre,1053,398,2.6457286432160805
