,Cargo,avg(score de performance)
0,Gerente,3.196078431372549
1,Diretor de manufatura,3.1862068965517243
2,Diretor de pesquisa,3.1
3,Pesquisador cientista,3.1678082191780823
4,Executivo de vendas,3.125766871165644
5,Técnico de Laboratório,3.1621621621621623
6,Recursos HumaNãos,3.1346153846153846
7,Reprentante de saúde,3.1526717557251906
8,Representante de vendas,3.144578313253012
